task_id,developer_id,task_complexity,task_start_time,task_deadline_time,actual_finish_time,start_delay_min,last_minute_rush,focus_rating,distractions_count,coffee_intake_mg,task_quality_score,stress_level,finished_on_time
TASK_9935,DEV021,low,2025-06-02 05:08:22,2025-06-02 07:57:22,2025-06-02 08:43:22,140,1,7,2,104,7,8,0
TASK_1434,DEV003,high,2025-06-21 11:34:28,2025-06-21 18:54:28,2025-06-21 18:41:28,16,1,6,2,517,9,8,1
TASK_3615,DEV018,low,2025-06-27 10:54:10,2025-06-27 13:51:10,2025-06-27 15:42:10,214,1,6,4,6,5,6,0
TASK_7224,DEV023,medium,2025-06-17 12:25:14,2025-06-17 15:33:14,2025-06-17 17:42:14,142,1,7,0,94,2,3,0
TASK_7201,DEV004,medium,2025-06-17 16:44:14,2025-06-17 20:03:14,2025-06-17 21:10:14,135,1,4,3,127,4,4,0
TASK_5741,DEV003,high,2025-06-15 05:34:38,2025-06-15 11:14:38,2025-06-15 14:14:38,185,1,9,2,233,6,2,0
TASK_6820,DEV003,low,2025-06-05 21:40:30,2025-06-05 23:17:30,2025-06-06 02:11:30,194,1,5,3,379,3,7,0
TASK_3677,DEV007,high,2025-06-13 23:03:06,2025-06-14 06:38:06,2025-06-14 06:06:06,36,1,5,2,250,4,10,1
TASK_4752,DEV015,medium,2025-06-14 02:30:43,2025-06-14 09:12:43,2025-06-14 12:10:43,285,1,6,0,57,7,4,0
TASK_6155,DEV027,low,2025-06-16 07:31:45,2025-06-16 10:44:45,2025-06-16 12:13:45,205,1,7,0,580,3,5,0
TASK_3287,DEV007,high,2025-06-25 05:38:47,2025-06-25 14:50:47,2025-06-25 17:54:47,202,1,8,3,271,5,4,0
TASK_7543,DEV008,high,2025-06-28 06:02:28,2025-06-28 16:35:28,2025-06-28 19:16:28,275,1,4,1,597,5,9,0
TASK_3504,DEV012,low,2025-06-07 17:10:05,2025-06-07 20:31:05,2025-06-07 23:01:05,260,1,7,0,112,6,4,0
TASK_1188,DEV021,low,2025-06-21 11:51:07,2025-06-21 14:22:07,2025-06-21 13:47:07,32,1,5,4,257,8,8,1
TASK_8123,DEV022,high,2025-06-06 13:27:44,2025-06-06 21:35:44,2025-06-07 01:55:44,274,1,5,2,300,6,8,0
TASK_5889,DEV006,medium,2025-06-01 03:46:51,2025-06-01 08:27:51,2025-06-01 08:45:51,134,1,6,2,108,3,4,0
TASK_1009,DEV027,high,2025-06-25 15:28:12,2025-06-25 22:59:12,2025-06-25 23:31:12,101,1,8,5,543,5,7,0
TASK_4946,DEV020,medium,2025-06-24 17:16:00,2025-06-24 21:18:00,2025-06-24 20:57:00,9,1,7,1,59,6,8,1
TASK_3060,DEV029,high,2025-06-04 19:45:31,2025-06-05 02:57:31,2025-06-05 02:03:31,43,1,6,6,545,1,8,1
TASK_4470,DEV005,high,2025-06-24 01:44:38,2025-06-24 13:05:38,2025-06-24 15:55:38,281,1,7,2,433,6,1,0
TASK_8397,DEV030,high,2025-06-10 18:21:28,2025-06-11 03:28:28,2025-06-11 05:11:28,159,1,6,3,529,8,5,0
TASK_1117,DEV004,low,2025-06-11 21:47:28,2025-06-11 23:37:28,2025-06-11 23:40:28,32,1,5,1,225,7,7,0
TASK_4899,DEV003,high,2025-06-03 20:35:34,2025-06-04 04:33:34,2025-06-04 06:21:34,117,1,5,4,526,6,8,0
TASK_4981,DEV009,high,2025-06-24 13:32:55,2025-06-25 00:37:55,2025-06-25 01:13:55,109,1,5,2,484,5,4,0
TASK_7735,DEV026,medium,2025-06-20 18:15:33,2025-06-20 21:24:33,2025-06-20 22:16:33,97,1,7,3,433,6,4,0
TASK_5073,DEV015,high,2025-06-03 15:06:50,2025-06-04 00:41:50,2025-06-03 23:49:50,50,1,4,2,111,5,5,1
TASK_5092,DEV007,low,2025-06-27 00:49:05,2025-06-27 02:32:05,2025-06-27 05:46:05,229,1,6,3,473,9,7,0
TASK_2528,DEV028,low,2025-06-22 12:17:05,2025-06-22 15:10:05,2025-06-22 18:04:05,281,1,7,2,15,2,4,0
TASK_1960,DEV030,low,2025-06-09 01:45:59,2025-06-09 05:06:59,2025-06-09 06:44:59,208,1,7,7,410,5,5,0
TASK_8973,DEV006,medium,2025-06-01 02:30:40,2025-06-01 07:20:40,2025-06-01 09:45:40,199,1,6,0,569,8,8,0
TASK_1936,DEV005,low,2025-06-15 09:41:22,2025-06-15 10:51:22,2025-06-15 12:35:22,111,1,8,1,321,8,2,0
TASK_2312,DEV002,high,2025-06-24 03:29:55,2025-06-24 09:56:55,2025-06-24 14:06:55,257,1,8,7,520,4,3,0
TASK_5033,DEV028,low,2025-06-04 07:49:59,2025-06-04 09:47:59,2025-06-04 10:06:59,34,1,7,1,583,2,5,0
TASK_6183,DEV019,high,2025-06-02 22:18:08,2025-06-03 09:28:08,2025-06-03 08:57:08,41,1,4,3,535,4,10,1
TASK_8491,DEV030,medium,2025-06-10 21:58:45,2025-06-11 01:21:45,2025-06-11 03:45:45,160,1,5,2,307,7,4,0
TASK_4492,DEV011,low,2025-06-01 10:51:11,2025-06-01 12:39:11,2025-06-01 16:24:11,234,1,7,5,550,2,5,0
TASK_3584,DEV017,medium,2025-06-07 10:19:23,2025-06-07 13:23:23,2025-06-07 15:34:23,178,1,7,4,291,3,2,0
TASK_3200,DEV015,high,2025-06-15 16:27:28,2025-06-16 02:48:28,2025-06-16 06:40:28,270,1,8,3,106,6,5,0
TASK_6617,DEV009,low,2025-06-06 04:42:21,2025-06-06 07:08:21,2025-06-06 10:34:21,283,1,5,3,215,6,5,0
TASK_5533,DEV007,high,2025-06-13 19:33:48,2025-06-14 01:10:48,2025-06-14 05:17:48,258,1,10,3,433,3,6,0
TASK_8007,DEV002,low,2025-06-17 04:37:17,2025-06-17 07:51:17,2025-06-17 07:23:17,66,1,5,4,452,8,5,1
TASK_7049,DEV018,low,2025-06-06 10:20:33,2025-06-06 13:29:33,2025-06-06 12:58:33,38,1,8,3,36,7,8,1
TASK_6862,DEV019,high,2025-06-08 04:32:30,2025-06-08 12:55:30,2025-06-08 15:49:30,220,1,6,1,40,4,5,0
TASK_4878,DEV007,high,2025-06-13 02:43:23,2025-06-13 12:30:23,2025-06-13 12:03:23,52,1,6,3,158,6,8,1
TASK_5065,DEV028,low,2025-06-09 14:16:51,2025-06-09 16:57:51,2025-06-09 18:48:51,211,1,7,5,421,5,10,0
TASK_8541,DEV009,low,2025-06-06 05:56:25,2025-06-06 08:19:25,2025-06-06 11:06:25,195,1,8,1,204,3,5,0
TASK_5564,DEV012,medium,2025-06-12 01:10:04,2025-06-12 06:49:04,2025-06-12 07:52:04,114,1,6,4,336,6,6,0
TASK_6425,DEV028,low,2025-06-14 13:12:15,2025-06-14 16:19:15,2025-06-14 17:52:15,179,1,5,0,549,5,8,0
TASK_6663,DEV001,low,2025-06-13 16:20:15,2025-06-13 18:10:15,2025-06-13 19:28:15,91,1,7,0,444,6,5,0
TASK_1727,DEV024,medium,2025-06-22 04:26:08,2025-06-22 08:28:08,2025-06-22 12:25:08,261,1,5,3,260,6,4,0
TASK_2146,DEV023,medium,2025-06-01 01:58:13,2025-06-01 07:01:13,2025-06-01 10:41:13,266,1,7,4,441,8,7,0
TASK_6344,DEV022,medium,2025-06-16 05:44:17,2025-06-16 09:39:17,2025-06-16 10:03:17,63,1,4,1,418,7,8,0
TASK_3851,DEV013,high,2025-06-15 08:27:47,2025-06-15 18:27:47,2025-06-15 21:45:47,283,1,8,10,388,7,7,0
TASK_8043,DEV020,high,2025-06-15 14:37:55,2025-06-15 22:48:55,2025-06-16 01:39:55,207,1,8,4,215,5,6,0
TASK_3780,DEV026,high,2025-06-16 15:26:51,2025-06-16 23:20:51,2025-06-17 02:13:51,238,1,5,2,484,5,7,0
TASK_6085,DEV022,low,2025-06-14 18:38:06,2025-06-14 20:31:06,2025-06-15 00:43:06,263,1,10,0,240,7,1,0
TASK_8461,DEV008,low,2025-06-08 03:40:47,2025-06-08 06:00:47,2025-06-08 04:54:47,12,1,6,5,74,6,4,1
TASK_4997,DEV014,high,2025-06-28 22:42:18,2025-06-29 08:01:18,2025-06-29 08:37:18,99,1,5,4,409,4,7,0
TASK_8611,DEV005,high,2025-06-01 06:27:36,2025-06-01 13:41:36,2025-06-01 14:13:36,54,1,7,1,530,10,6,0
TASK_6198,DEV002,high,2025-06-13 02:20:13,2025-06-13 12:42:13,2025-06-13 12:19:13,62,1,2,3,543,4,8,1
TASK_8777,DEV025,medium,2025-06-25 12:06:33,2025-06-25 18:20:33,2025-06-25 20:04:33,218,1,5,2,162,7,8,0
TASK_5499,DEV015,medium,2025-06-13 00:03:18,2025-06-13 05:36:18,2025-06-13 06:37:18,141,1,4,2,244,5,5,0
TASK_2320,DEV015,low,2025-06-14 20:53:50,2025-06-15 00:04:50,2025-06-15 00:10:50,120,1,10,3,553,3,6,0
TASK_7678,DEV005,low,2025-06-12 05:26:20,2025-06-12 07:18:20,2025-06-12 10:26:20,196,1,10,5,424,2,4,0
TASK_1320,DEV011,high,2025-06-23 14:50:28,2025-06-24 00:14:28,2025-06-24 02:57:28,212,1,9,1,598,6,6,0
TASK_7865,DEV028,high,2025-06-19 11:10:33,2025-06-19 20:18:33,2025-06-19 22:46:33,244,1,5,2,399,1,4,0
TASK_1475,DEV018,high,2025-06-27 12:17:24,2025-06-27 20:31:24,2025-06-27 21:28:24,112,1,6,0,497,9,4,0
TASK_1441,DEV013,medium,2025-06-20 15:03:47,2025-06-20 20:21:47,2025-06-20 20:26:47,84,1,6,3,546,8,4,0
TASK_3223,DEV030,medium,2025-06-29 17:36:18,2025-06-29 21:04:18,2025-06-30 00:30:18,288,1,9,3,438,4,5,0
TASK_6355,DEV028,medium,2025-06-09 19:43:46,2025-06-09 23:47:46,2025-06-09 23:45:46,25,1,7,1,465,6,4,1
TASK_1853,DEV011,medium,2025-06-14 12:11:32,2025-06-14 14:33:32,2025-06-14 18:06:32,215,1,7,4,552,9,2,0
TASK_3496,DEV012,low,2025-06-04 07:56:46,2025-06-04 10:09:46,2025-06-04 10:04:46,20,1,10,0,20,5,6,1
TASK_7043,DEV008,low,2025-06-23 23:44:19,2025-06-24 02:49:19,2025-06-24 02:18:19,58,1,7,1,262,5,4,1
TASK_7149,DEV006,high,2025-06-06 13:26:25,2025-06-06 23:25:25,2025-06-07 00:45:25,83,1,5,4,319,6,5,0
TASK_2983,DEV013,high,2025-06-10 15:04:15,2025-06-10 22:21:15,2025-06-10 22:46:15,38,1,8,3,308,7,6,0
TASK_6590,DEV026,high,2025-06-02 23:50:56,2025-06-03 08:07:56,2025-06-03 10:56:56,177,1,5,1,518,7,8,0
TASK_8135,DEV001,medium,2025-06-24 19:07:34,2025-06-25 00:09:34,2025-06-24 23:33:34,54,1,6,3,156,8,5,1
TASK_5397,DEV006,high,2025-06-26 07:52:44,2025-06-26 17:58:44,2025-06-26 19:17:44,138,1,8,2,446,5,7,0
TASK_7209,DEV011,low,2025-06-05 04:58:10,2025-06-05 08:30:10,2025-06-05 09:16:10,142,1,8,4,475,8,5,0
TASK_6576,DEV011,low,2025-06-24 23:54:31,2025-06-25 01:50:31,2025-06-25 03:51:31,166,1,8,2,264,6,4,0
TASK_7658,DEV009,high,2025-06-14 09:52:34,2025-06-14 16:39:34,2025-06-14 21:13:34,284,1,7,4,247,4,9,0
TASK_2524,DEV016,high,2025-06-12 15:59:51,2025-06-13 02:29:51,2025-06-13 04:51:51,243,1,4,0,17,8,8,0
TASK_9698,DEV010,low,2025-06-20 15:09:41,2025-06-20 17:15:41,2025-06-20 18:32:41,124,1,8,4,484,5,3,0
TASK_5118,DEV012,medium,2025-06-27 17:14:56,2025-06-27 22:47:56,2025-06-28 01:02:56,169,1,7,1,313,7,4,0
TASK_8933,DEV008,low,2025-06-10 08:22:37,2025-06-10 09:53:37,2025-06-10 12:10:37,161,1,5,2,221,6,5,0
TASK_5853,DEV009,high,2025-06-29 14:55:06,2025-06-29 22:32:06,2025-06-30 01:14:06,268,1,5,3,198,6,5,0
TASK_1893,DEV008,medium,2025-06-09 17:03:52,2025-06-09 21:54:52,2025-06-09 23:53:52,154,1,6,3,46,3,4,0
TASK_8843,DEV018,medium,2025-06-07 03:07:34,2025-06-07 05:46:34,2025-06-07 09:21:34,251,1,5,2,480,6,9,0
TASK_7565,DEV015,medium,2025-06-09 22:47:57,2025-06-10 04:34:57,2025-06-10 03:15:57,26,1,8,2,66,5,2,1
TASK_5066,DEV016,low,2025-06-29 00:16:42,2025-06-29 02:03:42,2025-06-29 01:52:42,27,1,6,2,87,6,5,1
TASK_5871,DEV004,high,2025-06-21 04:52:40,2025-06-21 14:03:40,2025-06-21 15:01:40,115,1,8,6,453,5,5,0
TASK_4404,DEV028,high,2025-06-21 19:37:22,2025-06-22 02:25:22,2025-06-22 03:43:22,156,1,8,2,101,6,5,0
TASK_3564,DEV021,low,2025-06-13 20:20:06,2025-06-13 22:40:06,2025-06-13 22:11:06,41,1,7,1,76,6,5,1
TASK_8438,DEV001,medium,2025-06-22 20:52:29,2025-06-22 23:36:29,2025-06-23 03:00:29,240,1,9,4,289,10,3,0
TASK_9922,DEV003,high,2025-06-12 07:57:30,2025-06-12 15:32:30,2025-06-12 16:53:30,135,1,8,3,117,10,3,0
TASK_6039,DEV008,high,2025-06-08 05:35:06,2025-06-08 11:18:06,2025-06-08 13:27:06,136,1,5,1,169,1,5,0
TASK_7594,DEV020,high,2025-06-28 15:10:27,2025-06-29 01:37:27,2025-06-29 02:36:27,147,1,5,3,311,6,10,0
TASK_6280,DEV009,high,2025-06-27 05:07:26,2025-06-27 12:20:26,2025-06-27 14:39:26,252,1,8,1,442,4,5,0
TASK_5415,DEV020,medium,2025-06-02 06:08:05,2025-06-02 12:15:05,2025-06-02 11:46:05,46,1,4,6,21,8,6,1
TASK_3973,DEV019,low,2025-06-09 12:06:43,2025-06-09 15:36:43,2025-06-09 17:39:43,240,1,3,5,284,5,9,0
TASK_2713,DEV019,medium,2025-06-24 20:54:07,2025-06-25 01:05:07,2025-06-25 01:09:07,46,1,3,1,328,6,7,0
TASK_1601,DEV028,low,2025-06-17 00:14:56,2025-06-17 03:22:56,2025-06-17 05:28:56,210,1,6,4,410,3,6,0
TASK_1018,DEV015,low,2025-06-16 06:26:20,2025-06-16 09:36:20,2025-06-16 09:55:20,129,1,7,4,526,7,2,0
TASK_8242,DEV022,high,2025-06-23 10:14:29,2025-06-23 20:25:29,2025-06-23 23:10:29,211,1,3,5,510,6,5,0
TASK_2989,DEV025,low,2025-06-10 21:09:45,2025-06-10 23:40:45,2025-06-11 01:00:45,136,1,10,3,496,8,5,0
TASK_2527,DEV001,high,2025-06-12 14:48:06,2025-06-12 21:05:06,2025-06-12 21:16:06,81,1,10,6,417,5,6,0
TASK_9337,DEV008,low,2025-06-23 09:37:32,2025-06-23 13:17:32,2025-06-23 12:18:32,60,1,8,5,298,4,6,1
TASK_7284,DEV023,medium,2025-06-21 04:04:52,2025-06-21 08:16:52,2025-06-21 11:13:52,247,1,9,0,148,3,1,0
TASK_6568,DEV007,high,2025-06-25 16:08:36,2025-06-26 01:07:36,2025-06-26 00:38:36,69,1,6,4,424,9,7,1
TASK_3434,DEV030,high,2025-06-13 23:16:43,2025-06-14 10:30:43,2025-06-14 09:17:43,1,1,10,0,501,2,4,1
TASK_6272,DEV015,high,2025-06-24 12:17:55,2025-06-24 22:43:55,2025-06-25 00:51:55,176,1,7,2,466,1,4,0
TASK_8749,DEV028,low,2025-06-12 14:13:43,2025-06-12 15:42:43,2025-06-12 20:29:43,292,1,4,4,325,6,5,0
TASK_2644,DEV023,medium,2025-06-19 17:48:51,2025-06-19 21:01:51,2025-06-19 21:14:51,77,1,5,0,339,5,8,0
TASK_7717,DEV028,medium,2025-06-05 20:10:21,2025-06-06 01:38:21,2025-06-06 04:35:21,269,1,5,4,147,4,5,0
TASK_2315,DEV028,high,2025-06-08 11:50:37,2025-06-08 21:02:37,2025-06-08 20:21:37,38,1,6,0,407,4,4,1
TASK_1588,DEV028,medium,2025-06-26 21:42:54,2025-06-27 04:13:54,2025-06-27 05:36:54,194,1,10,3,554,4,5,0
TASK_8269,DEV020,low,2025-06-12 09:31:37,2025-06-12 10:57:37,2025-06-12 13:12:37,147,1,6,2,102,7,8,0
TASK_7141,DEV006,high,2025-06-15 12:54:11,2025-06-15 18:59:11,2025-06-15 18:36:11,14,1,5,1,367,5,2,1
TASK_2293,DEV014,low,2025-06-12 20:30:38,2025-06-12 22:17:38,2025-06-13 02:27:38,271,1,3,5,179,9,6,0
TASK_5161,DEV020,medium,2025-06-12 16:35:13,2025-06-12 21:33:13,2025-06-13 01:18:13,254,1,8,3,472,10,7,0
TASK_8237,DEV015,medium,2025-06-01 10:56:55,2025-06-01 14:29:55,2025-06-01 18:07:55,238,1,6,1,75,2,7,0
TASK_4263,DEV012,high,2025-06-15 12:32:23,2025-06-15 23:13:23,2025-06-16 01:02:23,217,1,5,0,309,4,4,0
TASK_5837,DEV013,medium,2025-06-06 04:15:36,2025-06-06 09:54:36,2025-06-06 10:42:36,121,1,10,4,302,5,7,0
TASK_5689,DEV001,high,2025-06-20 05:08:49,2025-06-20 12:29:49,2025-06-20 12:53:49,140,1,7,1,508,9,6,0
TASK_2591,DEV025,low,2025-06-18 02:29:01,2025-06-18 05:35:01,2025-06-18 06:01:01,112,1,4,2,140,4,4,0
TASK_3153,DEV029,high,2025-06-02 21:55:50,2025-06-03 04:26:50,2025-06-03 05:50:50,158,1,8,6,373,3,6,0
TASK_6994,DEV003,medium,2025-06-16 20:39:19,2025-06-17 01:10:19,2025-06-17 03:02:19,212,1,5,2,552,4,5,0
TASK_2886,DEV017,high,2025-06-14 05:31:02,2025-06-14 14:37:02,2025-06-14 14:26:02,84,1,7,1,346,6,4,1
TASK_6992,DEV015,low,2025-06-07 19:59:37,2025-06-07 23:42:37,2025-06-07 23:49:37,115,1,6,1,570,4,8,0
TASK_7242,DEV003,medium,2025-06-01 16:12:59,2025-06-01 19:30:59,2025-06-01 20:58:59,135,1,8,1,268,6,6,0
TASK_6374,DEV027,high,2025-06-19 00:47:53,2025-06-19 09:51:53,2025-06-19 10:43:53,55,1,3,4,574,4,8,0
TASK_2911,DEV030,high,2025-06-11 17:54:41,2025-06-12 02:51:41,2025-06-12 02:00:41,32,1,5,0,418,2,7,1
TASK_3222,DEV005,low,2025-06-02 19:21:18,2025-06-02 21:22:18,2025-06-02 23:27:18,155,1,7,1,550,7,1,0
TASK_2622,DEV013,medium,2025-06-19 00:15:35,2025-06-19 06:38:35,2025-06-19 09:21:35,276,1,6,0,424,4,7,0
TASK_8285,DEV027,medium,2025-06-20 19:29:22,2025-06-21 00:52:22,2025-06-21 02:48:22,143,1,5,2,454,8,5,0
TASK_5520,DEV008,medium,2025-06-05 19:45:23,2025-06-06 00:37:23,2025-06-06 03:38:23,188,1,8,0,407,7,7,0
TASK_4990,DEV007,low,2025-06-23 01:47:02,2025-06-23 03:35:02,2025-06-23 04:15:02,46,1,2,1,341,7,6,0
TASK_4817,DEV005,high,2025-06-10 23:04:54,2025-06-11 07:05:54,2025-06-11 06:25:54,35,1,7,1,221,6,4,1
TASK_3858,DEV011,low,2025-06-29 22:22:08,2025-06-30 00:48:08,2025-06-29 23:40:08,1,1,9,3,256,6,4,1
TASK_1258,DEV004,high,2025-06-02 06:02:09,2025-06-02 14:18:09,2025-06-02 14:10:09,67,1,6,2,331,6,6,1
TASK_8802,DEV006,medium,2025-06-03 13:02:57,2025-06-03 17:03:57,2025-06-03 17:53:57,64,1,7,7,65,7,4,0
TASK_9543,DEV015,medium,2025-06-25 21:57:56,2025-06-26 03:23:56,2025-06-26 03:00:56,55,1,9,2,44,1,2,1
TASK_9032,DEV010,medium,2025-06-02 12:17:35,2025-06-02 17:26:35,2025-06-02 16:30:35,31,1,3,2,110,6,10,1
TASK_5505,DEV023,medium,2025-06-04 13:37:22,2025-06-04 18:20:22,2025-06-04 18:53:22,41,1,7,2,129,7,1,0
TASK_5831,DEV020,high,2025-06-29 09:59:57,2025-06-29 19:30:57,2025-06-29 22:54:57,280,1,7,4,543,3,7,0
TASK_4522,DEV015,high,2025-06-21 21:13:06,2025-06-22 05:00:06,2025-06-22 04:01:06,50,1,7,2,564,7,9,1
TASK_6120,DEV014,medium,2025-06-12 02:12:51,2025-06-12 07:01:51,2025-06-12 09:39:51,211,1,7,3,97,5,3,0
TASK_2398,DEV014,medium,2025-06-13 08:58:05,2025-06-13 14:01:05,2025-06-13 17:04:05,191,1,8,1,93,6,4,0
TASK_6400,DEV003,medium,2025-06-05 16:30:20,2025-06-05 19:10:20,2025-06-05 22:13:20,190,1,7,3,600,8,3,0
TASK_5712,DEV022,low,2025-06-20 22:37:36,2025-06-21 02:23:36,2025-06-21 03:33:36,181,1,6,1,52,5,7,0
TASK_4674,DEV020,medium,2025-06-18 01:41:51,2025-06-18 06:09:51,2025-06-18 06:43:51,53,1,8,1,493,7,7,0
TASK_8030,DEV028,low,2025-06-17 23:54:44,2025-06-18 02:30:44,2025-06-18 06:01:44,284,1,7,6,231,4,2,0
TASK_5477,DEV028,high,2025-06-28 00:38:55,2025-06-28 07:57:55,2025-06-28 08:07:55,13,1,3,5,184,7,6,0
TASK_2140,DEV023,medium,2025-06-17 11:55:27,2025-06-17 15:53:27,2025-06-17 17:40:27,179,1,7,0,410,10,5,0
TASK_8432,DEV005,high,2025-06-02 11:43:05,2025-06-02 19:21:05,2025-06-02 19:19:05,46,1,7,4,429,6,5,1
TASK_1861,DEV011,low,2025-06-18 23:08:35,2025-06-19 02:10:35,2025-06-19 03:33:35,159,1,5,3,86,9,9,0
TASK_7785,DEV005,low,2025-06-03 09:58:39,2025-06-03 12:17:39,2025-06-03 11:56:39,41,1,10,1,452,4,4,1
TASK_9633,DEV009,low,2025-06-25 20:55:36,2025-06-25 22:53:36,2025-06-25 23:15:36,58,1,7,5,498,2,8,0
TASK_5938,DEV022,medium,2025-06-03 04:54:54,2025-06-03 09:27:54,2025-06-03 11:19:54,112,1,6,2,209,3,3,0
TASK_3878,DEV007,low,2025-06-13 09:42:06,2025-06-13 12:05:06,2025-06-13 13:30:06,148,1,8,3,440,3,2,0
TASK_1693,DEV005,medium,2025-06-26 20:30:12,2025-06-27 01:02:12,2025-06-27 02:50:12,117,1,6,6,406,5,3,0
TASK_7626,DEV014,low,2025-06-23 07:39:09,2025-06-23 10:28:09,2025-06-23 10:13:09,39,1,6,2,587,1,6,1
TASK_8538,DEV023,high,2025-06-21 06:38:55,2025-06-21 12:29:55,2025-06-21 14:16:55,148,1,6,4,175,9,9,0
TASK_9584,DEV027,high,2025-06-18 13:35:20,2025-06-18 21:34:20,2025-06-18 21:24:20,45,1,6,0,410,10,7,1
TASK_2868,DEV003,medium,2025-06-16 01:29:45,2025-06-16 05:03:45,2025-06-16 07:47:45,173,1,7,2,522,6,4,0
TASK_3399,DEV017,high,2025-06-10 09:54:51,2025-06-10 16:39:51,2025-06-10 19:07:51,178,1,5,1,105,5,5,0
TASK_8601,DEV009,low,2025-06-09 10:08:27,2025-06-09 12:18:27,2025-06-09 13:14:27,78,1,5,3,505,5,10,0
TASK_3473,DEV025,high,2025-06-29 03:07:45,2025-06-29 12:42:45,2025-06-29 14:41:45,229,1,1,5,323,8,2,0
TASK_6766,DEV015,low,2025-06-23 18:19:57,2025-06-23 21:14:57,2025-06-23 23:45:57,226,1,6,2,57,3,5,0
TASK_2257,DEV017,low,2025-06-16 01:39:04,2025-06-16 03:54:04,2025-06-16 07:03:04,236,1,4,6,293,7,9,0
TASK_8368,DEV021,low,2025-06-29 20:09:11,2025-06-29 22:43:11,2025-06-30 01:52:11,259,1,8,0,42,4,5,0
TASK_8381,DEV030,high,2025-06-10 03:18:53,2025-06-10 12:53:53,2025-06-10 15:18:53,164,1,4,4,63,5,6,0
TASK_8199,DEV004,medium,2025-06-05 02:15:02,2025-06-05 05:30:02,2025-06-05 09:17:02,258,1,8,3,448,5,7,0
TASK_1857,DEV017,high,2025-06-08 16:57:09,2025-06-09 02:07:09,2025-06-09 04:21:09,186,1,4,4,346,7,6,0
TASK_5655,DEV026,high,2025-06-17 05:53:41,2025-06-17 17:04:41,2025-06-17 16:11:41,33,1,7,0,395,7,4,1
TASK_6082,DEV009,high,2025-06-08 07:11:51,2025-06-08 15:20:51,2025-06-08 16:13:51,170,1,5,5,358,4,4,0
TASK_6381,DEV021,high,2025-06-20 00:39:50,2025-06-20 09:28:50,2025-06-20 09:23:50,66,1,3,4,385,3,10,1
TASK_1298,DEV027,low,2025-06-26 13:17:33,2025-06-26 16:03:33,2025-06-26 15:45:33,47,1,2,6,370,6,6,1
TASK_3538,DEV012,medium,2025-06-09 18:01:17,2025-06-09 22:33:17,2025-06-09 23:54:17,109,1,5,3,140,5,9,0
TASK_3147,DEV003,medium,2025-06-05 21:50:15,2025-06-06 02:12:15,2025-06-06 06:27:15,259,1,7,3,344,5,4,0
TASK_1715,DEV020,medium,2025-06-08 11:43:02,2025-06-08 18:12:02,2025-06-08 18:03:02,83,1,7,0,448,3,6,1
TASK_4918,DEV014,medium,2025-06-12 12:44:33,2025-06-12 16:25:33,2025-06-12 19:43:33,227,1,7,2,546,6,5,0
TASK_7256,DEV010,medium,2025-06-10 10:02:42,2025-06-10 15:27:42,2025-06-10 17:36:42,188,1,5,1,288,6,5,0
TASK_1854,DEV017,high,2025-06-21 07:46:30,2025-06-21 15:47:30,2025-06-21 15:18:30,82,1,7,0,256,8,5,1
TASK_5670,DEV021,medium,2025-06-19 00:29:36,2025-06-19 04:43:36,2025-06-19 07:38:36,283,1,7,4,127,9,7,0
TASK_2502,DEV003,low,2025-06-14 05:49:29,2025-06-14 09:32:29,2025-06-14 11:36:29,230,1,3,0,447,4,7,0
TASK_9224,DEV030,low,2025-06-22 21:36:07,2025-06-22 23:41:07,2025-06-23 02:33:07,178,1,8,1,405,6,3,0
TASK_6493,DEV012,low,2025-06-19 17:54:58,2025-06-19 19:57:58,2025-06-19 19:58:58,41,1,5,0,101,4,4,0
TASK_8349,DEV026,low,2025-06-07 16:18:54,2025-06-07 19:13:54,2025-06-07 17:55:54,19,1,5,5,480,4,10,1
TASK_7934,DEV020,low,2025-06-04 20:18:16,2025-06-04 22:44:16,2025-06-04 21:43:16,9,1,7,3,540,4,6,1
TASK_2029,DEV004,medium,2025-06-12 12:52:15,2025-06-12 15:57:15,2025-06-12 17:38:15,154,1,5,3,468,10,6,0
TASK_3352,DEV004,medium,2025-06-29 23:15:04,2025-06-30 05:09:04,2025-06-30 08:30:04,274,1,9,1,247,5,8,0
TASK_9576,DEV010,medium,2025-06-01 01:49:21,2025-06-01 06:38:21,2025-06-01 09:15:21,180,1,5,6,87,7,5,0
TASK_8702,DEV012,low,2025-06-26 12:54:13,2025-06-26 14:28:13,2025-06-26 19:04:13,278,1,8,4,399,7,1,0
TASK_6649,DEV002,high,2025-06-19 18:44:57,2025-06-20 04:26:57,2025-06-20 05:57:57,191,1,5,2,69,5,8,0
TASK_9945,DEV008,high,2025-06-06 00:46:37,2025-06-06 06:59:37,2025-06-06 11:51:37,297,1,7,0,360,6,6,0
TASK_2033,DEV011,high,2025-06-09 11:59:37,2025-06-09 20:15:37,2025-06-09 22:29:37,237,1,8,5,138,7,5,0
TASK_6170,DEV023,medium,2025-06-02 19:05:21,2025-06-02 23:09:21,2025-06-02 23:46:21,150,1,6,0,42,6,7,0
TASK_4131,DEV030,medium,2025-06-26 00:27:55,2025-06-26 05:18:55,2025-06-26 08:09:55,203,1,7,0,37,3,7,0
TASK_8204,DEV010,medium,2025-06-03 07:41:44,2025-06-03 11:07:44,2025-06-03 13:01:44,169,1,6,4,409,6,7,0
TASK_5369,DEV029,medium,2025-06-17 11:00:22,2025-06-17 16:44:22,2025-06-17 17:32:22,95,1,8,1,531,6,4,0
TASK_6262,DEV026,low,2025-06-21 14:34:40,2025-06-21 17:10:40,2025-06-21 16:41:40,40,1,6,2,300,6,6,1
TASK_6759,DEV004,low,2025-06-16 22:03:15,2025-06-16 23:43:15,2025-06-17 01:53:15,151,1,9,1,454,5,4,0
TASK_6952,DEV015,low,2025-06-18 02:45:40,2025-06-18 04:11:40,2025-06-18 07:44:40,222,1,9,3,415,8,2,0
TASK_2101,DEV017,high,2025-06-08 18:23:52,2025-06-09 03:11:52,2025-06-09 03:22:52,15,1,7,4,129,6,7,0
TASK_8371,DEV008,high,2025-06-18 18:48:12,2025-06-19 01:21:12,2025-06-19 03:09:12,185,1,5,5,157,10,6,0
TASK_6150,DEV012,medium,2025-06-22 13:13:36,2025-06-22 16:34:36,2025-06-22 16:27:36,39,1,6,5,407,9,5,1
TASK_2929,DEV021,medium,2025-06-13 02:49:07,2025-06-13 06:42:07,2025-06-13 06:34:07,58,1,6,2,396,3,5,1
TASK_3223,DEV009,medium,2025-06-22 15:56:45,2025-06-22 19:34:45,2025-06-22 20:58:45,109,1,4,1,125,5,7,0
TASK_6692,DEV028,low,2025-06-22 22:40:04,2025-06-23 02:20:04,2025-06-23 02:05:04,88,1,10,1,327,7,4,1
TASK_6922,DEV023,low,2025-06-27 16:47:35,2025-06-27 19:36:35,2025-06-27 22:42:35,277,1,6,4,178,3,7,0
TASK_1430,DEV017,low,2025-06-06 21:23:51,2025-06-07 00:54:51,2025-06-07 00:55:51,102,1,7,3,505,6,9,0
TASK_2077,DEV012,high,2025-06-28 18:45:05,2025-06-29 02:09:05,2025-06-29 03:59:05,188,1,5,1,88,4,5,0
TASK_6194,DEV010,medium,2025-06-24 05:41:06,2025-06-24 09:34:06,2025-06-24 13:54:06,269,1,5,5,128,8,5,0
TASK_3981,DEV021,low,2025-06-22 20:15:29,2025-06-22 22:14:29,2025-06-23 01:56:29,238,1,5,3,564,4,8,0
TASK_5982,DEV025,low,2025-06-22 00:02:12,2025-06-22 03:06:12,2025-06-22 06:17:12,257,1,7,0,156,9,8,0
TASK_5105,DEV006,low,2025-06-16 15:55:37,2025-06-16 19:05:37,2025-06-16 19:12:37,115,1,5,2,80,6,7,0
TASK_2530,DEV007,high,2025-06-27 17:46:36,2025-06-28 02:39:36,2025-06-28 03:41:36,140,1,8,7,546,5,3,0
TASK_1674,DEV017,high,2025-06-09 04:28:30,2025-06-09 14:07:30,2025-06-09 17:17:30,297,1,4,1,577,5,10,0
TASK_7825,DEV027,low,2025-06-04 22:37:53,2025-06-05 01:10:53,2025-06-05 01:00:53,23,1,5,3,215,5,9,1
TASK_8912,DEV020,high,2025-06-02 11:17:08,2025-06-02 21:33:08,2025-06-03 01:10:08,254,1,10,1,309,5,7,0
TASK_7809,DEV008,high,2025-06-20 17:07:55,2025-06-20 22:57:55,2025-06-21 01:09:55,152,1,8,6,450,7,4,0
TASK_6658,DEV016,medium,2025-06-10 21:42:14,2025-06-11 02:08:14,2025-06-11 03:12:14,174,1,8,5,326,7,6,0
TASK_3007,DEV013,low,2025-06-18 23:42:38,2025-06-19 01:47:38,2025-06-19 05:40:38,263,1,9,5,477,8,6,0
TASK_5067,DEV009,medium,2025-06-13 00:50:47,2025-06-13 03:51:47,2025-06-13 04:14:47,72,1,6,3,428,8,5,0
TASK_9163,DEV028,low,2025-06-16 21:29:25,2025-06-17 00:52:25,2025-06-17 04:10:25,295,1,7,2,163,6,7,0
TASK_9281,DEV017,medium,2025-06-25 05:05:49,2025-06-25 09:10:49,2025-06-25 09:47:49,157,1,7,3,402,3,6,0
TASK_8710,DEV015,low,2025-06-11 10:39:41,2025-06-11 12:37:41,2025-06-11 16:59:41,298,1,8,7,506,5,5,0
TASK_7606,DEV010,high,2025-06-01 09:31:38,2025-06-01 18:19:38,2025-06-01 17:41:38,55,1,7,6,374,5,5,1
TASK_5728,DEV012,low,2025-06-20 10:42:41,2025-06-20 13:04:41,2025-06-20 12:44:41,26,1,8,3,566,5,5,1
TASK_3108,DEV003,medium,2025-06-25 11:30:00,2025-06-25 17:35:00,2025-06-25 19:40:00,230,1,9,0,121,6,3,0
TASK_7576,DEV004,medium,2025-06-19 02:48:27,2025-06-19 06:46:27,2025-06-19 09:14:27,173,1,9,0,521,4,5,0
TASK_3440,DEV017,low,2025-06-03 04:46:56,2025-06-03 07:00:56,2025-06-03 06:13:56,19,1,10,2,467,4,8,1
TASK_5902,DEV020,high,2025-06-07 18:51:23,2025-06-08 02:54:23,2025-06-08 05:21:23,167,1,4,0,402,6,5,0
TASK_1272,DEV019,medium,2025-06-25 15:03:53,2025-06-25 19:46:53,2025-06-25 23:28:53,260,1,4,4,486,6,5,0
TASK_5350,DEV012,medium,2025-06-06 07:41:54,2025-06-06 12:15:54,2025-06-06 14:32:54,213,1,4,4,485,7,6,0
TASK_9589,DEV021,high,2025-06-29 00:59:34,2025-06-29 11:58:34,2025-06-29 12:53:34,116,1,10,0,174,2,3,0
TASK_2800,DEV021,high,2025-06-19 10:57:13,2025-06-19 18:05:13,2025-06-19 19:16:13,75,1,6,3,586,5,7,0
TASK_7723,DEV007,low,2025-06-22 09:50:49,2025-06-22 12:44:49,2025-06-22 13:56:49,160,1,4,5,208,5,9,0
TASK_6325,DEV017,high,2025-06-23 21:27:36,2025-06-24 07:18:36,2025-06-24 07:23:36,31,1,7,3,574,7,5,0
TASK_6608,DEV022,medium,2025-06-26 12:13:30,2025-06-26 16:53:30,2025-06-26 18:09:30,192,1,8,5,545,6,6,0
TASK_4684,DEV018,medium,2025-06-13 20:00:15,2025-06-14 00:14:15,2025-06-14 03:10:15,247,1,6,5,305,4,10,0
TASK_5715,DEV010,medium,2025-06-11 01:29:46,2025-06-11 06:42:46,2025-06-11 09:41:46,250,1,6,0,280,6,5,0
TASK_5758,DEV004,high,2025-06-27 08:51:47,2025-06-27 18:25:47,2025-06-27 20:01:47,194,1,8,1,149,5,1,0
TASK_4505,DEV002,medium,2025-06-04 20:04:33,2025-06-05 01:32:33,2025-06-05 02:54:33,177,1,6,0,490,2,8,0
TASK_4920,DEV007,high,2025-06-14 03:53:33,2025-06-14 10:16:33,2025-06-14 14:50:33,287,1,8,3,600,4,4,0
TASK_6411,DEV008,low,2025-06-26 18:42:29,2025-06-26 20:34:29,2025-06-26 22:17:29,115,1,6,0,423,9,8,0
TASK_8822,DEV023,medium,2025-06-05 21:08:35,2025-06-06 02:20:35,2025-06-06 02:38:35,70,1,6,3,487,6,2,0
TASK_4804,DEV021,low,2025-06-14 22:39:53,2025-06-15 01:53:53,2025-06-15 02:41:53,164,1,6,1,91,3,6,0
TASK_9116,DEV018,high,2025-06-02 19:27:20,2025-06-03 02:32:20,2025-06-03 02:14:20,89,1,10,4,406,4,6,1
TASK_6489,DEV006,high,2025-06-15 01:15:12,2025-06-15 12:22:12,2025-06-15 11:24:12,19,1,9,4,109,6,3,1
TASK_4159,DEV010,medium,2025-06-27 08:59:27,2025-06-27 12:32:27,2025-06-27 16:01:27,268,1,8,3,279,7,6,0
TASK_1230,DEV026,low,2025-06-17 01:16:29,2025-06-17 04:33:29,2025-06-17 04:25:29,83,1,9,1,190,8,5,1
TASK_8007,DEV024,medium,2025-06-15 07:43:41,2025-06-15 11:50:41,2025-06-15 15:22:41,290,1,10,1,415,9,5,0
TASK_6301,DEV017,medium,2025-06-05 05:03:24,2025-06-05 07:44:24,2025-06-05 10:52:24,205,1,5,2,488,5,7,0
TASK_6400,DEV030,low,2025-06-01 07:57:27,2025-06-01 10:57:27,2025-06-01 11:34:27,133,1,8,1,273,5,9,0
TASK_2017,DEV010,high,2025-06-28 19:27:01,2025-06-29 04:59:01,2025-06-29 03:36:01,5,1,10,3,241,6,5,1
TASK_2923,DEV022,low,2025-06-23 14:13:28,2025-06-23 17:21:28,2025-06-23 18:00:28,157,1,8,0,318,5,1,0
TASK_7121,DEV021,medium,2025-06-18 20:13:10,2025-06-18 23:06:10,2025-06-19 00:40:10,113,1,7,4,465,5,8,0
TASK_2341,DEV014,high,2025-06-27 15:54:16,2025-06-28 00:22:16,2025-06-28 02:46:16,241,1,4,0,253,6,9,0
TASK_4365,DEV007,high,2025-06-27 01:15:15,2025-06-27 11:37:15,2025-06-27 11:57:15,76,1,6,4,119,7,3,0
TASK_8429,DEV023,high,2025-06-24 17:31:33,2025-06-25 04:02:33,2025-06-25 03:05:33,46,1,9,5,56,4,5,1
TASK_1356,DEV005,high,2025-06-21 04:00:16,2025-06-21 14:45:16,2025-06-21 17:39:16,233,1,7,3,315,4,3,0
TASK_2044,DEV013,medium,2025-06-01 03:30:47,2025-06-01 06:42:47,2025-06-01 07:39:47,111,1,6,5,352,7,6,0
TASK_7887,DEV018,low,2025-06-04 08:24:47,2025-06-04 09:49:47,2025-06-04 13:27:47,241,1,8,0,138,8,1,0
TASK_2943,DEV012,medium,2025-06-22 18:35:01,2025-06-22 21:12:01,2025-06-23 00:08:01,193,1,6,0,356,3,9,0
TASK_5888,DEV006,high,2025-06-20 01:56:47,2025-06-20 08:33:47,2025-06-20 11:27:47,270,1,6,3,23,5,7,0
TASK_6671,DEV015,high,2025-06-27 10:19:29,2025-06-27 17:47:29,2025-06-27 20:53:29,217,1,7,0,471,7,4,0
TASK_4943,DEV005,medium,2025-06-10 03:35:44,2025-06-10 09:42:44,2025-06-10 09:21:44,57,1,3,2,16,9,8,1
TASK_7590,DEV007,low,2025-06-05 21:33:11,2025-06-05 23:32:11,2025-06-05 23:18:11,17,1,6,2,45,5,10,1
TASK_4836,DEV015,low,2025-06-27 04:51:56,2025-06-27 07:43:56,2025-06-27 08:30:56,111,1,7,3,296,8,5,0
TASK_3347,DEV027,high,2025-06-28 23:13:01,2025-06-29 07:27:01,2025-06-29 09:40:01,163,1,6,2,309,5,6,0
TASK_7999,DEV022,high,2025-06-11 17:32:00,2025-06-12 00:14:00,2025-06-12 02:34:00,211,1,8,3,179,7,4,0
TASK_6222,DEV018,medium,2025-06-03 06:37:26,2025-06-03 13:01:26,2025-06-03 14:17:26,176,1,7,0,537,7,5,0
TASK_8758,DEV023,medium,2025-06-20 19:39:23,2025-06-21 00:51:23,2025-06-21 00:31:23,76,1,8,0,550,10,4,1
TASK_7824,DEV008,low,2025-06-15 14:22:59,2025-06-15 17:24:59,2025-06-15 17:26:59,73,1,9,0,422,7,2,0
TASK_8369,DEV018,high,2025-06-07 12:13:45,2025-06-07 19:39:45,2025-06-07 22:15:45,198,1,5,6,80,5,7,0
TASK_1647,DEV028,medium,2025-06-05 11:43:42,2025-06-05 15:05:42,2025-06-05 19:05:42,274,1,8,3,386,6,5,0
TASK_4422,DEV028,low,2025-06-10 03:13:34,2025-06-10 05:26:34,2025-06-10 09:59:34,300,1,10,2,490,6,7,0
TASK_4974,DEV028,medium,2025-06-15 17:14:22,2025-06-15 21:37:22,2025-06-15 20:09:22,7,1,9,5,490,7,2,1
TASK_7236,DEV023,high,2025-06-10 22:16:30,2025-06-11 08:39:30,2025-06-11 11:21:30,203,1,10,0,289,6,3,0
TASK_8635,DEV015,high,2025-06-18 10:34:03,2025-06-18 21:48:03,2025-06-18 22:33:03,157,1,6,3,509,6,7,0
TASK_1749,DEV004,high,2025-06-23 18:59:45,2025-06-24 03:48:45,2025-06-24 05:51:45,163,1,10,3,423,5,6,0
TASK_5836,DEV019,low,2025-06-08 02:00:44,2025-06-08 04:30:44,2025-06-08 03:24:44,8,1,9,0,427,7,6,1
TASK_6530,DEV005,low,2025-06-17 00:19:15,2025-06-17 02:46:15,2025-06-17 03:40:15,117,1,6,5,563,5,7,0
TASK_9000,DEV009,medium,2025-06-24 19:35:07,2025-06-24 23:22:07,2025-06-25 03:00:07,235,1,6,3,559,3,4,0
TASK_7756,DEV006,high,2025-06-03 20:25:40,2025-06-04 03:26:40,2025-06-04 06:17:40,268,1,10,1,6,4,1,0
TASK_8471,DEV005,high,2025-06-12 05:38:22,2025-06-12 11:09:22,2025-06-12 11:16:22,34,1,5,0,517,9,9,0
TASK_1194,DEV012,low,2025-06-24 10:58:25,2025-06-24 13:09:25,2025-06-24 16:08:25,249,1,5,7,421,7,6,0
TASK_3937,DEV001,high,2025-06-14 08:05:46,2025-06-14 19:06:46,2025-06-14 21:56:46,274,1,2,7,440,3,3,0
TASK_5379,DEV004,low,2025-06-26 10:57:11,2025-06-26 12:44:11,2025-06-26 13:28:11,76,1,9,7,362,8,6,0
TASK_5914,DEV026,medium,2025-06-04 20:03:50,2025-06-05 00:31:50,2025-06-05 03:11:50,191,1,8,4,231,7,5,0
TASK_1919,DEV022,low,2025-06-02 12:54:54,2025-06-02 15:29:54,2025-06-02 15:06:54,47,1,7,2,487,4,4,1
TASK_9653,DEV021,low,2025-06-09 07:40:34,2025-06-09 10:23:34,2025-06-09 09:53:34,42,1,3,2,97,4,4,1
TASK_1762,DEV030,low,2025-06-12 03:41:50,2025-06-12 06:38:50,2025-06-12 07:26:50,108,1,7,5,277,7,1,0
TASK_1256,DEV030,low,2025-06-14 14:39:29,2025-06-14 16:37:29,2025-06-14 20:53:29,278,1,5,4,322,4,6,0
TASK_4939,DEV007,high,2025-06-07 23:59:43,2025-06-08 07:52:43,2025-06-08 10:55:43,203,1,8,1,577,6,2,0
TASK_1879,DEV019,medium,2025-06-27 05:48:03,2025-06-27 09:27:03,2025-06-27 11:12:03,169,1,5,3,354,2,7,0
TASK_1485,DEV004,medium,2025-06-12 06:28:02,2025-06-12 12:41:02,2025-06-12 11:40:02,38,1,6,4,334,6,9,1
